{
  "PAYMENT_ISSUE": {
    "precision": 0.47368421052631576,
    "recall": 1.0,
    "f1": 0.6428571428571429,
    "support": 27.0
  },
  "LOGIN_PROBLEM": {
    "precision": 0.5471698113207547,
    "recall": 0.9666666666666667,
    "f1": 0.6987951807228916,
    "support": 30.0
  },
  "CANCELLATION": {
    "precision": 0.6666666666666666,
    "recall": 0.42857142857142855,
    "f1": 0.5217391304347826,
    "support": 14.0
  },
  "FEATURE_REQUEST": {
    "precision": 0.2962962962962963,
    "recall": 0.6153846153846154,
    "f1": 0.4,
    "support": 13.0
  },
  "COMPLAINT_TONE": {
    "precision": 0.26,
    "recall": 0.9285714285714286,
    "f1": 0.40625,
    "support": 14.0
  },
  "PERSONAL_DATA_MENTION": {
    "precision": 0.13636363636363635,
    "recall": 0.6,
    "f1": 0.22222222222222218,
    "support": 5.0
  },
  "summary": {
    "macro_f1": 0.4819772793728399,
    "weighted_f1": 0.5594558953012396
  }
}