{
  "PAYMENT_ISSUE": {
    "precision": 0.4827586206896552,
    "recall": 0.9655172413793104,
    "f1": 0.6436781609195403,
    "support": 29.0
  },
  "LOGIN_PROBLEM": {
    "precision": 0.4,
    "recall": 0.8,
    "f1": 0.5333333333333333,
    "support": 25.0
  },
  "CANCELLATION": {
    "precision": 0.1,
    "recall": 0.07692307692307693,
    "f1": 0.08695652173913043,
    "support": 13.0
  },
  "FEATURE_REQUEST": {
    "precision": 0.25,
    "recall": 0.42857142857142855,
    "f1": 0.3157894736842105,
    "support": 14.0
  },
  "COMPLAINT_TONE": {
    "precision": 0.16363636363636364,
    "recall": 1.0,
    "f1": 0.28125,
    "support": 9.0
  },
  "PERSONAL_DATA_MENTION": {
    "precision": 0.0,
    "recall": 0.0,
    "f1": 0.0,
    "support": 3.0
  },
  "summary": {
    "macro_f1": 0.31016791494603574,
    "weighted_f1": 0.4309971764966414
  }
}